threshold,accuracy,precision,recall,f1,false_negative_rate,false_positive_rate,true_negatives,false_positives,false_negatives,true_positives
0.5,0.975,0.6285714285714286,0.6470588235294118,0.6376811594202898,0.35294117647058826,0.013457556935817806,1906,26,24,44
0.4,0.972,0.5638297872340425,0.7794117647058824,0.654320987654321,0.22058823529411764,0.021221532091097308,1891,41,15,53
0.3,0.9595,0.4496124031007752,0.8529411764705882,0.5888324873096447,0.14705882352941177,0.03674948240165631,1861,71,10,58
0.25,0.9475,0.3836477987421384,0.8970588235294118,0.5374449339207048,0.10294117647058823,0.050724637681159424,1834,98,7,61
0.2,0.9335,0.328042328042328,0.9117647058823529,0.48249027237354086,0.08823529411764706,0.06573498964803312,1805,127,6,62
